{
  "timestamp": "2024-07-28T15:07:56.801068",
  "current_metrics": {
    "mse": 0.028413313462475578,
    "mae": 0.14859322314166412,
    "r2": 0.4024664785695403
  },
  "performance_change": {
    "mse": 230.7015154370721,
    "mae": 100.83418740931522,
    "r2": -46.92990376667741
  }
}