{
  "version": 1,
  "timestamp": "2024-07-26T16:44:56.004049",
  "performance_metrics": {
    "mse": 0.008591830438068325,
    "mae": 0.07398801222962101,
    "r2": 0.7583677195535827
  }
}