{
  "version": 1,
  "timestamp": "2024-07-28T11:13:37.256491",
  "performance_metrics": {
    "mse": 0.016516168096991964,
    "mae": 0.10241183249863232,
    "r2": -1.1794578541352183
  }
}