{
  "timestamp": "2024-07-28T15:09:14.393966",
  "current_metrics": {
    "mse": 0.09938482930891727,
    "mae": 0.2866547108567301,
    "r2": -1.5247092597465701
  },
  "performance_change": {
    "mse": 817.9229546216469,
    "mae": 216.39602517886854,
    "r2": 859.8969241748832
  }
}