{
  "timestamp": "2024-07-28T15:07:57.984001",
  "current_metrics": {
    "mse": 0.23123536156162539,
    "mae": 0.44965987857528256,
    "r2": -2.7708503994464757
  },
  "performance_change": {
    "mse": 1300.0545417295646,
    "mae": 339.0702398390221,
    "r2": 134.9257660824236
  }
}