{
  "timestamp": "2024-07-28T15:09:15.650235",
  "current_metrics": {
    "mse": 0.06437527812148675,
    "mae": 0.19210681534774704,
    "r2": -0.2619498412254313
  },
  "performance_change": {
    "mse": 179.55294580812065,
    "mae": 96.31853259494439,
    "r2": -143.01308607397735
  }
}