{
  "version": 1,
  "timestamp": "2024-07-28T11:13:18.488496",
  "performance_metrics": {
    "mse": 0.010827142823754974,
    "mae": 0.09059997220087555,
    "r2": -0.15884093607833916
  }
}