{
  "timestamp": "2024-07-28T15:07:58.371547",
  "current_metrics": {
    "mse": 0.11127416155406394,
    "mae": 0.2949878596109531,
    "r2": -2.050273850249495
  },
  "performance_change": {
    "mse": 2796.087017148259,
    "mae": 481.020326485059,
    "r2": -526.178904966522
  }
}