{
  "version": 1,
  "timestamp": "2024-07-28T11:29:15.460082",
  "performance_metrics": {
    "mse": 0.003842224383977047,
    "mae": 0.050770660881265875,
    "r2": 0.4810829035309835
  }
}