{
  "version": 1,
  "timestamp": "2024-07-28T11:29:40.521137",
  "performance_metrics": {
    "mse": 0.023027937672197737,
    "mae": 0.09785465121834055,
    "r2": 0.6090003418376188
  }
}